,City,Latitude,Longitude,Max Temp,Humidity,Wind Speed,Country,Cloudiness,Date
0,vaini,-21.2,-175.2,17.0,100,4.64,TO,40,1590164962
1,banjar,-8.19,114.97,27.0,100,1.0,ID,40,1590164962
2,mataura,-46.19,168.86,5.71,92,1.01,NZ,12,1590164962
3,mobai,7.99,-10.75,32.84,54,1.14,SL,69,1590164962
4,butaritari,3.07,172.79,28.21,80,6.21,KI,100,1590164962
5,hamilton,39.18,-84.53,21.11,77,1.18,US,75,1590164962
6,bambous virieux,-20.34,57.76,23.33,69,8.2,MU,40,1590164962
7,bethel,41.37,-73.41,23.33,56,3.6,US,40,1590164962
8,nome,64.5,-165.41,9.0,70,5.7,US,90,1590164962
9,arraial do cabo,-22.97,-42.03,28.0,58,5.1,BR,0,1590164962
10,rikitea,-23.12,-134.97,21.82,68,9.08,PF,16,1590164962
11,okato,-39.2,173.88,1.11,96,1.57,NZ,15,1590164962
12,ushuaia,-54.8,-68.3,11.0,40,7.2,AR,75,1590164962
13,katsuura,35.13,140.3,16.67,89,2.24,JP,100,1590164963
14,san rafael,-34.62,-68.33,10.38,45,2.63,AR,0,1590164922
15,qaanaaq,77.48,-69.36,1.53,83,0.45,GL,0,1590164963
16,bredasdorp,-34.53,20.04,17.0,55,4.1,ZA,0,1590164963
17,palmer,42.16,-72.33,25.0,44,2.6,US,20,1590164963
18,souillac,-20.52,57.52,23.0,69,8.2,MU,40,1590164963
19,linxia,35.6,103.21,14.58,54,1.44,CN,68,1590164963
20,cidreira,-30.18,-50.21,20.32,92,0.51,BR,100,1590164963
21,chuy,-33.7,-53.46,16.64,90,8.97,UY,100,1590164963
22,thompson,55.74,-97.86,2.0,90,4.1,CA,90,1590164963
23,lebu,-37.62,-73.65,13.2,42,0.53,CL,50,1590164963
24,cayenne,4.93,-52.33,26.0,100,2.1,GF,30,1590164963
25,hobart,-42.88,147.33,4.44,86,6.7,AU,0,1590164844
26,dovbysh,50.37,27.99,10.3,67,4.49,UA,24,1590164964
27,saint-pierre,-21.34,55.48,23.0,78,11.8,RE,75,1590164883
28,guelengdeng,-0.87,134.08,26.99,78,1.83,ID,100,1590164964
29,manokwari,50.2,-66.38,9.0,26,10.3,CA,20,1590164964
30,sept-iles,-34.42,19.23,18.89,68,7.17,ZA,0,1590164964
31,hermanus,50.68,156.12,3.28,79,3.69,RU,88,1590164964
32,severo-kurilsk,-23.04,29.9,15.69,50,2.0,ZA,0,1590164964
33,louis trichardt,67.45,153.68,-0.78,90,3.47,RU,88,1590164964
34,srednekolymsk,-22.12,14.28,16.67,86,5.84,NA,0,1590164964
35,henties bay,65.97,29.18,10.0,29,2.1,FI,60,1590164923
36,kuusamo,44.1,1.09,30.0,48,1.0,FR,100,1590164964
37,moissac,65.44,52.15,4.86,82,5.8,RU,100,1590164964
38,ust-tsilma,-24.79,-50.01,20.11,76,5.92,BR,100,1590164964
39,castro,-0.6,73.08,29.48,75,5.99,MV,100,1590164964
40,hithadhoo,14.3,-91.92,27.0,83,2.1,GT,75,1590164964
41,champerico,-41.41,175.52,11.0,81,5.1,NZ,60,1590164964
42,waipawa,38.52,-28.7,17.0,72,4.1,PT,20,1590164965
43,ribeira grande,59.7,30.79,12.0,30,5.0,RU,56,1590164965
44,nikolskoye,64.75,177.48,-3.0,86,1.0,RU,40,1590164965
45,anadyr,66.04,-17.34,9.0,70,8.7,IS,20,1590164965
46,husavik,71.69,128.87,-1.08,96,3.42,RU,100,1590164965
47,tiksi,39.45,75.98,23.0,20,1.0,CN,20,1590164965
48,kashi,64.18,-51.72,7.0,65,2.6,GL,40,1590164965
49,nuuk,21.23,-86.73,30.0,66,6.7,MX,40,1590164965
50,isla mujeres,71.97,102.5,11.56,84,3.63,RU,96,1590164965
51,khatanga,78.22,15.64,1.0,64,2.1,SJ,20,1590164901
52,longyearbyen,61.99,5.14,15.56,67,13.4,NO,75,1590164965
53,raudeberg,61.67,96.37,16.19,42,0.71,RU,3,1590164965
54,baykit,57.79,-152.41,8.0,81,4.1,US,90,1590164965
55,kodiak,-51.62,-69.22,10.0,61,8.7,AR,100,1590164965
56,rio gallegos,37.72,-25.43,17.0,88,6.7,PT,75,1590164966
57,vila franca do campo,42.1,-79.24,17.22,82,3.6,US,90,1590164966
58,jamestown,-16.48,-151.75,26.43,77,10.84,PF,0,1590164966
59,belushya guba,-22.09,-70.2,22.63,40,4.45,CL,1,1590164966
60,faanui,-19.76,-44.31,25.0,60,3.6,BR,75,1590164966
61,tocopilla,30.36,50.8,33.0,19,4.1,IR,0,1590164966
62,esmeraldas,57.8,158.67,1.97,84,1.12,RU,91,1590164966
63,do gonbadan,-46.13,167.68,6.69,86,1.98,NZ,8,1590164966
64,tigil,59.12,11.39,15.56,47,6.2,NO,100,1590164966
65,tuatapere,70.37,31.11,4.26,84,4.66,NO,8,1590164966
66,halden,-36.82,174.45,7.22,94,0.89,NZ,8,1590164966
67,vardo,64.38,-173.3,1.57,90,4.85,RU,100,1590164966
68,muriwai beach,-32.37,-54.18,17.47,90,8.72,UY,100,1590164966
69,provideniya,52.54,62.49,15.55,81,3.76,KZ,100,1590164967
70,nizhneyansk,-33.92,25.57,17.0,88,1.0,ZA,0,1590164967
71,melo,-0.72,-47.7,29.09,78,2.21,BR,98,1590164967
72,lisakovsk,8.3,30.14,23.73,86,2.2,SS,78,1590164967
73,port elizabeth,-32.72,152.15,13.33,66,10.8,AU,90,1590164967
74,marapanim,-53.15,-70.92,6.0,87,5.1,CL,90,1590164738
75,ler,3.08,-59.95,31.61,58,3.94,BR,97,1590164967
76,nelson bay,63.75,-68.51,-1.0,58,10.3,CA,20,1590164791
77,punta arenas,-35.17,173.17,10.77,78,1.33,NZ,96,1590164967
78,bonfim,50.72,136.63,8.48,93,2.23,RU,100,1590164967
79,iqaluit,36.62,-121.92,14.44,79,2.68,US,30,1590164683
80,ahipara,31.76,25.09,21.54,69,8.91,LY,100,1590164967
81,solnechnyy,34.98,139.87,16.67,100,2.24,JP,100,1590164967
82,pacific grove,60.14,-45.24,5.75,64,10.62,GL,100,1590164967
83,bardiyah,52.14,-122.14,8.0,70,6.2,CA,90,1590164859
84,tateyama,-46.28,169.85,11.11,65,6.26,NZ,20,1590164968
85,nanortalik,51.23,48.77,12.96,77,2.28,RU,100,1590164968
86,williams lake,-0.74,-90.35,27.0,69,9.8,EC,20,1590164968
87,kaitangata,69.45,-133.04,1.0,74,4.1,CA,5,1590164968
88,dergachi,28.17,94.77,21.44,72,0.79,IN,71,1590164968
89,puerto ayora,-3.41,-39.03,30.0,62,2.24,BR,28,1590164821
90,tuktoyaktuk,-9.88,-56.09,33.0,55,3.1,BR,40,1590164968
91,along,22.08,-159.32,23.33,88,6.7,US,90,1590164968
92,paracuru,-33.65,115.33,8.89,57,4.43,AU,100,1590164968
93,alta floresta,-42.78,147.06,3.89,82,1.13,AU,0,1590164968
94,kapaa,22.89,-109.91,29.0,53,3.6,MX,40,1590164769
95,busselton,73.51,80.55,5.57,90,5.96,RU,100,1590164968
96,attawapiskat,62.46,-114.35,8.0,52,3.6,CA,75,1590164925
97,new norfolk,-23.49,-58.8,15.74,88,6.75,PY,99,1590164969
98,cabo san lucas,72.79,-56.15,-0.41,96,4.05,GL,0,1590164969
99,dikson,-34.58,150.86,12.78,75,4.47,AU,95,1590164969
100,uzhur-4,40.92,14.53,23.89,46,2.24,IT,43,1590164969
101,yellowknife,-21.21,-159.78,25.0,83,6.2,CK,100,1590164969
102,pozo colorado,42.8,93.45,21.1,30,8.7,CN,58,1590164969
103,upernavik,-33.93,18.42,16.67,63,3.6,ZA,0,1590164824
104,flinders,-0.61,-47.36,29.19,71,3.6,BR,90,1590164969
105,nola,20.7,-105.2,28.0,65,1.5,MX,40,1590164703
106,avarua,12.06,-61.75,30.0,74,11.3,GD,40,1590164969
107,hami,-30.69,-70.95,23.23,16,1.92,CL,0,1590164969
108,cape town,14.69,-17.44,26.0,69,9.8,SN,0,1590164969
109,salinopolis,65.61,-37.64,5.0,75,12.9,GL,90,1590164969
110,ixtapa,42.6,-73.97,25.0,49,0.98,US,1,1590164897
111,saint-georges,37.73,-25.67,17.0,88,6.7,PT,75,1590164969
112,monte patria,19.22,-104.7,27.0,78,2.6,MX,75,1590164970
113,dakar,-33.87,121.9,10.0,81,5.7,AU,53,1590164970
114,tasiilaq,71.29,-156.79,-4.0,85,8.2,US,1,1590164699
115,umzimvubu,16.25,100.42,31.81,53,2.73,TH,97,1590164970
116,albany,9.88,-11.17,31.5,55,2.9,SL,15,1590164970
117,ponta delgada,60.92,-46.05,12.0,22,4.6,GL,75,1590164970
118,san patricio,20.93,-17.03,22.0,68,11.3,MR,0,1590164970
119,esperance,-9.8,-139.03,26.82,78,7.03,PF,13,1590164970
120,barrow,5.41,100.34,27.0,94,1.0,MY,20,1590164970
121,phichit,35.73,140.83,15.0,100,1.0,JP,75,1590164970
122,gberia fotombu,-22.09,-65.59,13.08,25,4.02,BO,0,1590164970
123,narsaq,63.84,-22.43,15.0,47,6.7,IS,75,1590164945
124,nouadhibou,-28.65,153.62,12.0,66,5.1,AU,99,1590164844
125,taolanaro,65.82,87.98,20.32,33,3.44,RU,0,1590164970
126,atuona,-38.0,-57.56,14.44,71,10.3,AR,40,1590164708
127,georgetown,22.29,114.16,26.67,88,3.58,HK,100,1590164876
128,hasaki,-3.28,-39.27,27.73,87,4.72,BR,19,1590164971
129,villazon,42.04,119.29,12.28,77,2.03,CN,98,1590164971
130,grindavik,12.15,-68.27,31.0,70,10.3,BQ,75,1590164971
131,byron bay,30.15,62.6,30.97,13,3.72,AF,0,1590164971
132,turukhansk,41.76,86.15,24.01,23,2.93,CN,71,1590164971
133,mar del plata,19.73,-155.09,22.0,83,2.1,US,90,1590164971
134,victoria,15.12,108.8,26.69,82,1.21,VN,100,1590164971
135,trairi,47.17,142.5,4.0,100,2.0,RU,90,1590164971
136,pingzhuang,-19.06,-169.92,25.0,94,2.6,NU,100,1590164971
137,kralendijk,11.0,122.67,26.71,86,0.97,PH,100,1590164971
138,rudbar,-33.02,27.91,21.14,80,4.32,ZA,0,1590164971
139,korla,12.16,-61.73,30.0,74,11.3,GD,40,1590164971
140,hilo,15.5,101.69,30.19,60,1.71,TH,100,1590164972
141,quang ngai,25.5,-76.65,26.07,80,6.72,BS,100,1590164972
142,sinegorsk,39.49,-80.14,20.56,85,2.06,US,65,1590164950
143,alofi,34.69,135.18,17.78,93,1.5,JP,23,1590164962
144,dingle,-2.57,150.8,28.11,80,4.15,PG,52,1590164972
145,east london,-13.85,136.42,22.0,78,3.1,AU,90,1590164972
146,gouyave,1.74,98.78,26.33,80,1.25,ID,100,1590164972
147,bamnet narong,7.42,81.82,28.72,76,1.51,LK,69,1590164972
148,dunmore town,-0.95,100.35,27.02,69,1.63,ID,100,1590164972
149,fairmont,40.43,71.72,23.0,27,2.1,UZ,83,1590164972
150,kobe,69.22,-51.1,6.0,56,3.1,GL,75,1590164972
151,kavieng,36.8,21.95,18.33,88,2.6,GR,90,1590164972
152,alyangula,50.6,97.52,8.22,53,1.8,RU,55,1590164972
153,sibolga,40.28,97.2,19.18,35,5.03,CN,100,1590164973
154,kalmunai,18.03,73.02,27.61,84,3.54,IN,0,1590164973
155,padang,18.74,7.39,39.86,7,9.44,NE,0,1590164973
156,komsomolskiy,4.18,19.9,27.85,76,0.98,CD,13,1590164973
157,ilulissat,-17.4,32.23,16.67,62,3.34,ZW,2,1590164973
158,koroni,10.57,72.64,29.35,76,5.74,IN,63,1590164973
159,kungurtug,-24.79,-65.41,8.0,87,3.1,AR,90,1590164898
160,yumen,-13.2,49.05,22.81,75,0.38,MG,0,1590164973
161,srivardhan,54.43,31.9,6.5,87,4.18,RU,99,1590164973
162,arlit,19.8,85.85,29.0,89,4.1,IN,40,1590164973
163,bosobolo,-46.6,168.33,11.25,79,5.59,NZ,34,1590164974
164,sentyabrskiy,3.87,-67.92,24.18,96,2.51,CO,93,1590164974
165,mutoko,3.12,35.6,32.48,36,3.54,KE,11,1590164974
166,kavaratti,65.58,-171.0,0.9,92,3.06,RU,100,1590164974
167,salta,59.33,14.52,20.56,34,6.2,SE,39,1590164974
168,barentsburg,-33.01,17.94,17.0,63,2.6,ZA,0,1590164974
169,ambilobe,-0.13,-67.09,31.0,70,3.1,BR,40,1590164974
170,sobolevo,68.05,39.51,1.82,84,4.66,RU,75,1590164974
171,puri,11.66,-70.22,30.16,67,11.13,VE,5,1590164974
172,bluff,42.78,-9.06,21.11,81,3.58,ES,84,1590164974
173,inirida,71.0,24.66,8.0,45,2.1,NO,0,1590164975
174,lodwar,5.65,36.65,18.84,87,0.92,ET,75,1590164975
175,vaitupu,-12.07,134.27,21.25,72,5.6,AU,94,1590164975
176,lavrentiya,40.16,-8.33,27.78,51,3.89,PT,52,1590164975
177,karlskoga,-21.25,-63.5,14.19,66,4.28,BO,100,1590164975
178,saldanha,33.67,-95.58,27.0,74,4.6,US,75,1590164975
179,sao gabriel da cachoeira,-3.8,103.53,23.17,88,1.1,ID,100,1590164975
180,ostrovnoy,5.79,0.9,30.0,70,6.2,GH,20,1590164975
181,punta cardon,22.15,-80.44,31.0,62,7.2,CU,75,1590164975
182,muros,21.46,-71.14,29.0,70,4.1,TC,40,1590164975
183,havoysund,43.32,145.57,4.45,89,5.81,JP,0,1590164975
184,jinka,26.1,-106.97,22.58,21,1.66,MX,0,1590164976
185,palabuhanratu,7.7,18.63,31.84,50,0.22,CF,7,1590164976
186,maningrida,66.0,111.5,13.0,80,3.0,RU,0,1590164976
187,amderma,20.15,92.9,29.32,83,3.06,MM,100,1590164976
188,lata,-33.59,26.89,18.33,93,5.2,ZA,0,1590164976
189,villamontes,45.18,0.72,29.44,54,0.89,FR,90,1590164976
190,lamar,-16.19,-55.97,33.0,46,4.6,BR,20,1590164976
191,lahat,-0.41,-65.02,33.35,52,2.01,BR,0,1590164976
192,anloga,-23.32,-46.22,25.0,50,5.1,BR,20,1590164976
193,cienfuegos,-16.92,145.77,21.11,94,3.59,AU,90,1590164880
194,cockburn town,-38.38,142.48,10.56,96,3.85,AU,100,1590164976
195,nemuro,40.45,-74.39,25.0,69,1.79,US,34,1590164976
196,guadalupe y calvo,-3.8,102.27,26.0,84,1.58,ID,94,1590164977
197,kabo,35.62,-95.96,18.0,100,5.7,US,75,1590164725
198,aykhal,52.27,79.17,18.65,37,2.48,RU,73,1590164977
199,akyab,-16.52,-151.75,26.9,75,10.82,PF,0,1590164977
200,port alfred,42.08,-78.43,18.89,72,2.1,US,90,1590164780
201,perigueux,50.7,-127.42,11.0,76,2.6,CA,90,1590164918
202,barao de melgaco,-8.93,125.41,16.43,100,0.97,TL,100,1590164977
203,santa isabel do rio negro,-28.78,32.04,19.55,72,1.44,ZA,0,1590164977
204,santa isabel,53.86,120.88,7.9,63,1.81,RU,47,1590164977
205,cairns,32.67,-17.1,21.67,65,1.34,PT,29,1590164977
206,warrnambool,31.46,131.23,18.22,88,2.24,JP,100,1590164977
207,south river,49.82,-94.43,19.0,63,5.7,CA,75,1590164977
208,bengkulu,71.92,114.08,6.91,92,3.26,RU,99,1590164978
209,okmulgee,7.8,6.74,32.82,52,3.04,NG,6,1590164978
210,klyuchi,-27.22,31.62,17.69,51,0.81,SZ,0,1590164978
211,vaitape,1.33,172.98,28.0,78,3.6,KI,75,1590164978
212,olean,3.17,113.03,24.0,94,1.0,MY,75,1590164978
213,port hardy,37.1,-113.58,23.33,19,2.33,US,1,1590164786
214,samusu,63.05,179.32,-1.11,98,5.92,RU,100,1590164978
215,airai,-21.36,55.77,23.0,78,11.8,RE,75,1590164942
216,richards bay,62.67,135.6,6.19,71,2.58,RU,99,1590164978
217,amazar,-5.4,-80.75,24.4,59,5.73,PE,39,1590164978
218,ponta do sol,-25.24,130.99,7.0,48,3.1,AU,0,1590164979
219,kushima,22.81,115.83,24.19,89,6.82,CN,100,1590164979
220,kenora,53.05,158.65,3.0,74,1.0,RU,1,1590164691
221,saskylakh,-28.66,-56.0,17.87,94,3.95,BR,100,1590164979
222,lokoja,-9.11,124.89,23.55,91,2.1,ID,100,1590164979
223,hluti,68.22,-135.01,9.0,39,2.6,CA,5,1590164979
224,bairiki,51.38,1.39,18.89,51,3.58,GB,100,1590164979
225,bintulu,11.09,-6.89,38.82,18,2.48,ML,33,1590164979
226,saint george,-15.86,-38.88,26.0,78,2.6,BR,75,1590164979
227,beringovskiy,12.18,18.69,34.3,32,3.07,TD,57,1590164979
228,saint-philippe,37.78,-81.19,20.0,60,2.6,US,20,1590164704
229,khandyga,9.49,50.81,30.0,64,11.8,SO,25,1590164980
230,la union,36.56,104.21,22.22,51,3.0,CN,89,1590164980
231,yulara,49.78,-74.85,13.0,17,4.1,CA,1,1590164980
232,grand river south east,-25.3,152.85,13.33,68,2.24,AU,100,1590164980
233,jieshi,-22.67,167.48,22.13,65,5.36,NC,98,1590164980
234,petropavlovsk-kamchatskiy,-28.24,-48.67,24.0,78,5.7,BR,40,1590164980
235,sao borja,-15.2,12.15,30.0,62,6.7,AO,20,1590164980
236,atambua,-17.73,-149.15,23.0,78,1.5,PF,20,1590164980
237,aklavik,52.45,64.63,17.14,76,2.35,KZ,99,1590164980
238,margate,60.72,-46.03,12.0,22,4.6,GL,75,1590164980
239,kolondieba,18.69,12.92,39.39,16,6.35,NE,100,1590164980
240,cagayan de tawi-tawi,-36.31,-57.68,14.77,66,8.73,AR,92,1590164981
241,belmonte,25.09,-80.45,28.33,69,4.47,US,78,1590164981
242,mongo,-11.1,-77.61,21.14,65,4.39,PE,51,1590164981
243,beckley,39.22,-3.61,33.89,22,2.6,ES,0,1590164981
244,barbar,23.32,92.75,19.89,100,0.85,IN,9,1590164981
245,bandarbeyla,13.22,-59.52,31.0,62,7.7,BB,20,1590164981
246,baiyin,68.38,17.6,14.0,24,5.7,NO,0,1590164981
247,chapais,26.02,93.78,24.36,89,0.5,IN,64,1590164981
248,hervey bay,42.69,-2.95,25.0,65,5.1,ES,46,1590164981
249,vao,-6.64,-51.99,31.53,56,2.49,BR,3,1590164981
250,imbituba,-38.27,141.97,12.16,89,3.54,AU,100,1590164981
251,anar darreh,47.67,-52.73,14.0,62,12.3,CA,75,1590164981
252,namibe,45.17,10.78,26.67,43,0.45,IT,85,1590164982
253,tautira,54.32,-130.32,10.0,87,2.1,CA,90,1590164982
254,kushmurun,26.18,127.76,23.0,83,5.1,JP,90,1590164982
255,qaqortoq,29.97,40.21,38.0,8,6.7,SA,20,1590164982
256,bilma,41.77,12.23,25.56,56,6.2,IT,0,1590164982
257,dolores,3.33,20.88,28.51,72,1.14,CD,44,1590164982
258,key largo,65.28,-126.83,11.0,53,2.1,CA,75,1590164723
259,hualmay,34.82,-92.22,25.0,83,3.6,US,90,1590164982
260,villarrubia de los ojos,70.63,147.92,-6.3,98,1.77,RU,86,1590164982
261,thenzawl,43.48,-5.44,20.0,80,2.24,ES,99,1590164982
262,bathsheba,-35.1,173.78,9.44,3,1.79,NZ,83,1590164982
263,beisfjord,-22.43,-151.33,24.04,72,8.89,PF,59,1590164982
264,bokajan,4.88,-1.76,28.38,75,5.33,GH,62,1590164982
265,miranda de ebro,49.98,92.07,16.96,29,2.2,MN,99,1590164982
266,sao felix do xingu,24.34,124.16,26.05,91,14.07,JP,100,1590164983
267,codrington,-35.33,-72.42,15.34,40,2.13,CL,3,1590164983
268,torbay,51.53,20.01,15.56,34,25.03,PL,29,1590164983
269,mantua,54.72,-113.29,6.71,92,6.65,CA,100,1590164983
270,prince rupert,42.25,-75.83,22.78,60,3.6,US,90,1590164983
271,nishihara,41.84,59.97,28.0,26,4.1,TM,0,1590164983
272,sakakah,14.2,24.67,34.45,12,2.57,SD,49,1590164983
273,fiumicino,69.38,178.42,-4.78,95,1.22,RU,0,1590164983
274,businga,14.92,-89.9,32.3,52,0.93,GT,87,1590164983
275,norman wells,27.75,-107.63,18.18,28,3.96,MX,0,1590164983
276,sherwood,44.87,17.66,22.0,28,1.5,BA,55,1590164983
277,chokurdakh,11.28,49.18,33.28,52,1.22,SO,20,1590164984
278,villaviciosa,-1.83,-44.87,27.74,90,2.37,BR,99,1590164984
279,kaeo,-24.87,113.63,19.31,26,3.58,AU,0,1590164984
280,moerai,-20.41,57.7,23.0,69,8.2,MU,40,1590164984
281,takoradi,-6.75,23.95,26.05,64,0.86,CD,48,1590164984
282,ulaangom,34.64,-120.46,14.44,82,5.1,US,90,1590164850
283,cockburn harbour,5.38,-52.95,28.44,75,5.3,GF,62,1590164984
284,bargal,56.89,21.19,13.0,50,3.1,LV,0,1590164984
285,ishigaki,-20.01,57.66,23.33,69,4.47,MU,19,1590164984
286,constitucion,-22.41,-47.56,26.0,50,6.2,BR,20,1590164985
287,tomaszow mazowiecki,40.6,-124.16,13.33,71,5.7,US,1,1590164985
288,athabasca,46.19,-123.83,13.33,71,3.1,US,90,1590164985
289,broome,55.34,-131.65,11.0,76,8.2,US,90,1590164814
290,dasoguz,-9.01,-35.22,28.64,75,4.04,BR,6,1590164985
291,kutum,6.75,11.82,25.4,80,1.03,CM,52,1590164985
292,leningradskiy,57.58,40.76,5.0,100,2.0,RU,100,1590164985
293,el jicaro,-20.23,164.02,23.51,73,7.74,NC,100,1590164985
294,creel,21.44,-157.84,25.0,69,4.1,US,90,1590164985
295,prnjavor,-19.27,-40.33,27.86,61,0.95,BR,43,1590164985
296,bosaso,55.75,38.0,8.33,70,5.0,RU,75,1590164940
297,cururupu,46.83,40.75,9.94,92,4.25,RU,100,1590164986
298,bacuit,6.58,3.75,29.0,79,4.1,NG,75,1590164643
299,formoso do araguaia,-34.73,135.87,13.17,74,6.42,AU,50,1590164986
300,carnarvon,13.35,-15.75,43.44,10,2.2,GM,0,1590164986
301,mahebourg,26.1,94.27,15.02,100,0.78,IN,61,1590164986
302,gandajika,53.62,109.62,8.76,56,0.05,RU,4,1590164986
303,lompoc,7.77,-72.22,31.0,55,8.7,VE,40,1590164962
304,sinnamary,66.83,70.83,15.66,46,4.41,RU,35,1590164986
305,illoqqortoormiut,17.02,54.09,30.0,84,3.6,OM,20,1590164986
306,pavilosta,68.75,161.3,-1.99,95,7.0,RU,83,1590164986
307,grand gaube,41.14,-73.36,23.33,60,3.6,US,1,1590164710
308,araguatins,4.42,-7.35,28.13,73,4.54,CI,36,1590164987
309,rio claro,5.77,73.38,29.43,77,6.43,MV,100,1590164987
310,fortuna,-3.2,-52.21,30.0,79,3.1,BR,75,1590164987
311,astoria,-19.55,169.27,18.0,72,2.8,VU,20,1590164987
312,ketchikan,28.97,50.84,30.0,62,2.1,IR,0,1590164987
313,maragogi,38.42,-121.42,18.0,45,3.6,US,1,1590164987
314,banyo,5.22,-73.59,14.58,85,2.63,CO,99,1590164987
315,kosmynino,70.47,-68.59,-2.0,79,3.6,CA,75,1590164987
316,nam tha,69.3,139.9,-6.25,99,0.37,RU,98,1590164987
317,poum,14.93,-85.7,25.4,78,1.72,HN,100,1590164987
318,ahuimanu,61.95,159.23,3.35,74,4.18,RU,79,1590164988
319,rio bananal,-2.02,147.27,27.96,76,2.0,PG,29,1590164988
320,zheleznodorozhnyy,6.12,81.12,27.0,88,4.1,LK,40,1590164988
321,rassvet,-37.83,140.77,12.0,93,3.1,AU,90,1590164988
322,lagos,64.25,-15.21,11.0,57,7.2,IS,20,1590164988
323,port lincoln,11.67,92.75,28.86,83,2.43,IN,81,1590164988
324,nioro,-31.63,-60.7,11.67,84,4.92,AR,100,1590164953
325,wokha,3.33,99.16,26.0,94,1.0,ID,40,1590164988
326,barguzin,37.81,120.75,17.55,77,5.02,CN,1,1590164988
327,san cristobal,-29.95,-71.34,16.0,59,3.6,CL,1,1590164988
328,yar-sale,21.35,-158.09,24.0,78,1.5,US,1,1590164988
329,salalah,27.98,-114.06,18.76,66,4.46,MX,75,1590164988
330,cherskiy,64.43,76.5,17.95,38,3.63,RU,75,1590164989
331,westport,18.22,-63.06,31.0,66,6.7,AI,20,1590164989
332,sorvag,-45.87,-67.5,13.0,43,3.6,AR,100,1590164718
333,tabou,61.47,-6.81,7.96,94,9.78,FO,100,1590164989
334,manadhoo,43.61,-116.39,10.0,66,5.1,US,1,1590164814
335,altamira,-28.77,114.6,13.0,43,4.1,AU,0,1590164989
336,isangel,-9.41,-38.21,30.6,55,4.88,BR,18,1590164823
337,bushehr,51.26,-80.61,3.0,74,5.1,CA,75,1590164989
338,laguna,41.28,-70.1,18.0,68,6.7,US,1,1590164872
339,villapinzon,58.08,7.3,11.11,87,6.26,NO,100,1590164989
340,clyde river,56.34,114.88,9.2,59,1.89,RU,50,1590164989
341,deputatskiy,37.4,136.9,14.7,85,3.68,JP,95,1590164989
342,san jose de rio tinto,-7.16,113.47,26.37,83,0.9,ID,67,1590164989
343,evensk,14.9,-24.5,25.77,58,8.41,CV,2,1590164990
344,lorengau,32.08,72.67,36.48,14,1.59,PK,58,1590164990
345,hambantota,54.48,53.47,10.93,69,2.12,RU,83,1590164990
346,mount gambier,70.86,29.09,4.22,82,5.57,NO,0,1590164990
347,hofn,-41.87,-73.82,10.0,81,3.1,CL,79,1590164990
348,port blair,34.17,77.58,11.71,33,2.3,IN,100,1590164990
349,santa fe,-4.94,122.53,24.34,92,0.99,ID,100,1590164990
350,tebingtinggi,-45.58,-72.07,9.0,66,2.6,CL,75,1590164990
351,dengzhou,27.63,93.83,12.32,100,1.16,IN,90,1590164990
352,coquimbo,48.93,-125.55,11.67,81,3.1,CA,40,1590164813
353,makakilo city,26.56,54.88,32.0,52,3.1,IR,0,1590164991
354,guerrero negro,-18.37,-40.83,26.73,63,1.0,BR,69,1590164991
355,gubkinskiy,41.3,-82.98,18.33,89,0.92,US,96,1590164969
356,the valley,31.42,130.32,19.11,85,4.24,JP,97,1590164991
357,comodoro rivadavia,46.43,26.4,10.0,68,1.51,RO,100,1590164991
358,vagur,-6.77,-43.02,32.44,54,3.7,BR,31,1590164991
359,meridian,-6.72,146.98,25.27,74,2.89,PG,98,1590164991
360,geraldton,67.54,133.38,-0.9,94,2.43,RU,18,1590164991
361,paulo afonso,-35.72,150.18,15.56,57,0.89,AU,95,1590164991
362,moose factory,17.15,-25.02,28.0,58,10.3,CV,20,1590164991
363,burica,-31.33,27.85,13.09,41,3.11,ZA,0,1590164992
364,nantucket,59.12,159.97,-0.04,95,2.69,RU,100,1590164992
365,vigeland,14.16,38.9,24.09,41,2.1,ET,62,1590164992
366,taksimo,47.8,67.71,20.64,52,3.12,KZ,29,1590164992
367,wajima,57.22,21.67,12.0,66,4.1,LV,3,1590164992
368,pamekasan,-32.03,-52.1,20.0,88,3.1,BR,90,1590164853
369,sao filipe,69.49,88.4,14.0,50,6.0,RU,39,1590164992
370,sargodha,16.64,1.64,39.13,7,6.78,ML,0,1590164992
371,oktyabrskiy,5.95,116.66,26.0,94,1.5,MY,20,1590164992
372,berlevag,-13.7,-76.22,19.44,72,3.6,PE,20,1590164992
373,cumaribo,-19.58,-65.75,10.1,29,2.27,BO,100,1590164992
374,ancud,58.52,125.52,3.74,77,1.94,RU,49,1590164992
375,leh,-7.3,-38.15,30.27,50,3.04,BR,76,1590164993
376,tsihombe,-15.43,49.73,23.73,87,5.09,MG,97,1590164993
377,katobu,64.86,-147.8,12.22,50,0.74,US,75,1590164993
378,coihaique,29.13,15.95,29.52,26,5.52,LY,99,1590164993
379,ziro,68.35,-133.72,9.0,45,3.6,CA,5,1590164993
380,ucluelet,18.38,103.66,27.54,80,0.91,LA,97,1590164993
381,buariki,35.3,-81.02,23.89,64,2.6,US,40,1590164993
382,bandar-e lengeh,54.05,-128.65,10.0,76,2.1,CA,90,1590164993
383,ecoporanga,44.53,-109.06,15.56,47,3.1,US,90,1590164993
384,clyde,40.1,27.65,17.0,59,4.6,TR,20,1590164993
385,kaseda,42.82,27.88,17.0,51,4.6,BG,34,1590164994
386,asau,37.93,102.64,17.22,70,1.65,CN,86,1590164994
387,floriano,15.17,44.32,16.15,71,0.6,YE,92,1590164994
388,lae,-7.47,-34.81,30.0,66,6.2,BR,75,1590164994
389,masjed-e soleyman,-32.25,148.62,3.0,93,2.6,AU,40,1590164994
390,verkhoyansk,26.95,81.58,34.3,15,3.12,IN,0,1590164994
391,batemans bay,16.48,99.52,32.78,59,0.95,TH,97,1590164994
392,pombas,-14.32,-67.38,30.59,59,1.84,BO,94,1590164994
393,elliot,34.44,-85.72,20.0,88,4.47,US,90,1590164994
394,louisbourg,-34.0,24.73,15.23,92,1.96,ZA,5,1590164994
395,palana,61.57,31.48,10.09,48,4.21,RU,0,1590164994
396,adwa,64.89,-23.71,10.15,62,7.57,IS,100,1590164994
397,zhezkazgan,16.15,36.2,38.92,18,2.82,SD,22,1590164995
398,piltene,-20.32,118.57,18.0,34,3.6,AU,0,1590164995
399,rio grande,46.17,-1.15,18.0,88,4.6,FR,90,1590164827
400,karaul,23.22,-106.42,29.0,62,1.7,MX,40,1590164995
401,talnakh,20.79,-156.47,24.0,73,3.6,US,40,1590164995
402,gao,-20.33,-40.29,27.0,69,5.1,BR,75,1590164995
403,ranau,-13.28,-50.16,29.65,58,3.05,BR,8,1590164918
404,lalomanu,52.98,116.92,7.49,57,1.71,RU,41,1590164995
405,pisco,18.09,-15.98,29.0,51,8.7,MR,0,1590164995
406,potosi,20.86,92.31,28.6,85,2.28,BD,100,1590164995
407,lebedinyy,64.84,-147.72,12.22,46,0.73,US,1,1590164907
408,itaporanga,-18.59,-39.73,27.18,65,2.85,BR,27,1590164995
409,maroantsetra,42.43,68.8,24.0,36,5.0,KZ,0,1590164995
410,college,22.72,89.1,28.28,83,5.16,BD,37,1590164830
411,hun,-32.89,-60.69,13.33,73,2.68,AR,100,1590164996
412,inuvik,39.05,-27.98,14.27,76,3.39,PT,85,1590164996
413,pakxan,28.5,-13.86,23.0,73,8.2,ES,20,1590164996
414,mount holly,53.44,55.26,12.96,75,1.17,RU,93,1590164996
415,kitimat,-9.44,147.18,26.0,100,2.6,PG,40,1590164996
416,cody,-17.35,49.03,18.64,89,0.72,MG,28,1590164996
417,gonen,42.34,78.0,12.01,50,1.66,KG,8,1590164996
418,mys shmidta,4.38,-7.72,28.17,73,4.57,LR,66,1590164996
419,obzor,39.28,-74.57,21.0,77,5.1,US,90,1590164996
420,wuwei,-25.85,25.63,19.0,32,0.5,ZA,0,1590164997
421,sayyan,48.83,58.14,23.3,46,6.6,KZ,21,1590164997
422,pitimbu,39.47,-118.78,17.0,25,2.6,US,75,1590164997
423,dubbo,48.4,-89.32,20.0,42,4.1,CA,40,1590164809
424,tikaitnagar,33.6,56.92,33.0,10,3.1,IR,0,1590164997
425,kamphaeng phet,18.42,-64.62,31.0,66,4.1,VG,40,1590164997
426,reyes,32.94,-103.35,28.0,4,2.6,US,5,1590164997
427,fort payne,-11.37,38.42,24.55,54,0.78,TZ,54,1590164997
428,kruisfontein,32.19,48.24,37.98,8,3.71,IR,0,1590164997
429,pitkyaranta,34.67,138.95,13.33,95,0.45,JP,100,1590164998
430,olafsvik,-2.67,141.3,26.53,82,0.98,PG,40,1590164998
431,wagar,-23.7,133.88,3.0,59,3.03,AU,0,1590164700
432,port hedland,54.28,-0.4,18.33,43,3.58,GB,29,1590164905
433,la rochelle,36.19,-94.13,17.0,100,5.1,US,90,1590164998
434,mazatlan,10.35,107.08,29.35,82,6.69,VN,100,1590164998
435,kihei,40.6,-77.57,18.0,93,1.72,US,90,1590164998
436,vila velha,62.14,117.63,9.08,51,2.48,RU,77,1590164998
437,sao miguel do araguaia,15.85,-97.07,29.0,83,2.6,MX,40,1590164875
438,bukachacha,56.92,47.89,8.68,79,2.88,RU,43,1590164999
439,nouakchott,-28.45,21.26,24.0,22,1.0,ZA,0,1590164999
440,teknaf,56.83,86.63,16.41,79,4.05,RU,87,1590164999
441,fairbanks,-4.05,19.53,28.94,61,0.68,CD,84,1590164999
442,conceicao da barra,10.39,-9.31,35.86,33,0.8,GN,20,1590164999
443,arys,37.68,139.18,13.33,91,2.27,JP,99,1590164999
444,satkhira,-6.13,12.37,30.0,74,7.2,AO,40,1590164999
445,alberdi,26.11,-97.49,31.11,66,10.8,US,1,1590164999
446,temaraia,33.34,44.4,38.0,17,3.1,IQ,0,1590164702
447,lagoa,39.36,-9.38,24.44,72,4.92,PT,1,1590164999
448,tarudant,22.93,97.75,23.36,64,0.62,MM,38,1590164999
449,puerto del rosario,-31.95,141.43,10.0,93,2.6,AU,90,1590165000
450,sterlibashevo,-3.28,32.85,20.95,63,2.28,TZ,0,1590165000
451,port moresby,34.36,-92.81,25.0,73,2.6,US,40,1590165000
452,vohibinany,-6.12,141.29,24.34,98,0.46,PG,100,1590165000
453,kyzyl-suu,31.35,27.25,22.0,68,6.2,EG,40,1590165000
454,harper,-16.07,167.38,25.0,73,2.6,VU,75,1590165000
455,ocean city,-34.05,23.37,15.95,82,0.9,ZA,2,1590165000
456,mmabatho,-12.91,15.25,26.0,34,3.6,AO,20,1590165000
457,emba,-25.17,45.05,21.01,75,6.42,MG,90,1590165000
458,fallon,45.52,-122.68,11.11,76,2.6,US,75,1590164692
459,thunder bay,-7.38,108.21,23.59,91,0.72,ID,99,1590165000
460,tabas,-26.65,15.16,17.0,77,8.7,NA,0,1590165001
461,road town,-20.74,116.85,18.77,49,4.54,AU,9,1590165001
462,lovington,32.38,15.09,21.66,68,6.7,LY,17,1590165001
463,masuguru,43.74,46.48,22.25,57,2.81,RU,84,1590165001
464,shush,49.63,-105.98,14.79,48,5.22,CA,93,1590165001
465,shimoda,13.52,35.77,30.96,48,3.73,SD,54,1590165001
466,vanimo,64.9,45.76,2.4,80,5.63,RU,94,1590165001
467,alice springs,29.03,21.55,29.3,28,9.52,LY,32,1590165001
468,scarborough,8.0,124.29,25.0,93,0.45,PH,100,1590165001
469,springdale,-11.95,-75.28,15.22,48,1.13,PE,44,1590165002
470,vung tau,52.42,-4.08,14.44,69,7.15,GB,4,1590164878
471,lewistown,68.05,166.44,-3.28,93,1.53,RU,94,1590165002
472,suntar,20.89,-156.47,24.0,73,3.6,US,40,1590164846
473,puerto escondido,-16.1,167.42,25.0,73,2.6,VU,75,1590165002
474,orshanka,-5.79,-35.21,28.0,88,7.2,BR,75,1590164877
475,upington,1.3,124.91,26.0,94,0.5,ID,20,1590165002
476,zyryanskoye,48.65,-53.11,4.96,67,9.13,CA,37,1590165002
477,mangai,3.98,13.18,23.64,90,0.86,CM,55,1590165002
478,kankan,29.27,82.18,14.72,61,1.0,NP,43,1590165002
479,muramatsu,-20.73,139.5,10.0,66,4.1,AU,40,1590165002
480,soyo,29.96,122.3,19.58,93,2.24,CN,89,1590165003
481,laureles,51.8,68.33,14.86,76,2.67,KZ,100,1590165003
482,baghdad,35.41,116.58,21.88,24,4.05,CN,22,1590165003
483,katsiveli,-34.48,-54.33,15.87,77,9.44,UY,100,1590165003
484,peniche,34.57,76.1,9.67,47,2.09,IN,100,1590165003
485,lashio,60.55,-151.26,7.0,87,7.7,US,90,1590165003
486,broken hill,6.81,3.2,29.0,79,4.1,NG,75,1590165003
487,mhango,26.33,43.98,37.0,13,5.7,SA,3,1590165003
488,yeehaw junction,-13.88,167.55,26.02,83,9.1,VU,57,1590165004
489,tumannyy,-8.14,159.59,27.44,84,4.35,SB,82,1590165004
490,malvern,10.42,-13.58,33.36,37,4.81,GN,0,1590165004
491,kiunga,-7.94,110.25,26.07,79,1.1,ID,64,1590165004
492,marsa matruh,-17.53,146.03,19.86,95,3.42,AU,100,1590165004
493,norsup,6.33,99.84,27.0,94,1.0,MY,20,1590165004
494,plettenberg bay,18.73,-103.68,27.0,57,2.73,MX,20,1590165004
495,longonjo,24.69,46.72,36.0,8,2.6,SA,64,1590164947
496,beloha,-34.02,20.44,17.0,55,4.1,ZA,0,1590165004
497,portland,34.8,-106.54,20.0,9,2.94,US,1,1590165004
498,kawalu,-5.54,-35.82,28.0,88,7.2,BR,75,1590165004
499,luderitz,47.13,-119.28,14.0,44,2.6,US,75,1590164952
500,karratha,43.15,-77.62,22.78,53,3.6,US,40,1590165005
501,misratah,-21.64,-41.05,28.0,54,2.1,BR,0,1590164840
502,kargalinskaya,-13.87,-171.6,28.89,83,2.68,WS,22,1590165005
503,assiniboia,5.03,25.14,23.69,86,1.24,CF,82,1590165005
504,doka,65.53,13.41,16.0,31,3.1,NO,53,1590165005
505,leshukonskoye,-15.53,167.17,25.0,73,2.6,VU,75,1590165005
506,jalu,64.75,20.95,15.56,24,5.1,SE,3,1590165005
507,marawi,65.7,82.47,19.0,61,2.6,RU,27,1590165005
508,san jeronimo,33.91,-98.49,24.44,64,6.2,US,1,1590165005
509,aberystwyth,-33.27,115.72,8.89,57,3.73,AU,93,1590165006
510,bilibino,-3.1,-60.02,31.0,70,3.1,BR,75,1590164881
511,kahului,61.01,62.0,9.69,87,3.3,RU,35,1590165006
512,lakatoro,65.85,24.15,11.0,29,3.6,FI,3,1590165006
513,natal,38.89,-76.51,18.89,93,2.6,US,90,1590165006
514,tondano,43.91,42.72,21.67,93,6.0,RU,90,1590165006
515,bonavista,12.88,-14.95,42.0,25,1.0,SN,0,1590165006
516,abong mbang,60.38,92.63,15.55,38,1.24,RU,0,1590165006
517,tabiauea,69.7,170.31,-3.02,97,1.1,RU,57,1590165006
518,jumla,-3.33,128.92,26.45,84,0.96,ID,88,1590165006
519,mount isa,-45.42,167.72,6.18,84,0.26,NZ,81,1590165006
520,shenjiamen,-0.19,-74.78,34.38,48,0.87,CO,13,1590165006
521,atbasar,51.54,53.9,13.64,88,4.9,RU,100,1590165006
522,jining,28.22,61.22,23.86,31,3.54,IR,64,1590165007
523,rocha,48.83,-124.05,13.0,62,3.1,CA,75,1590165007
524,kargil,43.65,111.98,11.12,56,5.97,CN,39,1590165007
525,kenai,-25.05,33.64,20.28,81,2.29,MZ,1,1590165007
526,ifo,29.98,75.38,38.18,11,3.32,IN,0,1590165007
527,yingzhong,29.16,16.14,28.76,27,6.26,LY,94,1590165007
528,buraydah,-14.82,-66.85,30.94,60,2.69,BO,80,1590165007
529,sola,13.77,109.23,28.38,74,2.76,VN,100,1590165007
530,buala,40.74,-114.07,14.0,47,2.1,US,1,1590164766
531,fria,-0.88,131.25,27.23,80,2.73,ID,99,1590165007
532,srandakan,-2.85,11.03,25.04,92,1.33,GA,49,1590165007
533,innisfail,-5.67,132.75,27.73,85,8.72,ID,100,1590165007
534,kuah,21.28,-88.93,34.48,44,3.65,MX,0,1590165008
535,coahuayana,62.18,30.69,10.59,54,1.83,RU,0,1590165008
536,riyadh,3.17,-52.32,27.29,92,2.04,GF,61,1590165008
537,swellendam,66.94,-53.67,8.67,51,4.93,GL,49,1590165008
538,meadow lake,30.48,-115.95,19.03,64,3.56,MX,36,1590165008
539,uk,46.68,113.28,8.8,90,4.97,MN,100,1590165008
540,nguiu,48.01,91.64,14.59,35,5.56,MN,100,1590165008
541,joao camara,54.04,19.03,14.44,33,3.6,PL,0,1590165008
542,moses lake,57.25,22.58,12.0,66,4.1,LV,0,1590165008
543,rochester,34.03,75.33,12.66,50,2.94,IN,84,1590165008
544,sao joao da barra,4.14,96.13,25.15,91,2.94,ID,100,1590165008
545,lufilufi,68.53,146.42,-1.35,93,2.48,RU,97,1590165008
546,zemio,39.89,4.27,26.0,50,2.6,ES,13,1590165009
547,trofors,-27.18,151.27,7.22,87,5.17,AU,100,1590165009
548,luganville,12.17,104.55,27.76,81,1.83,KH,100,1590165009
549,skelleftea,5.28,115.24,26.0,94,1.5,MY,75,1590165009
550,krasnoselkup,35.24,113.23,24.15,22,1.51,CN,0,1590165009
551,wichita falls,-6.98,-34.83,30.0,66,6.2,BR,75,1590164882
552,australind,26.71,-108.32,34.71,20,1.68,MX,3,1590165009
553,manaus,63.93,31.65,9.88,49,1.23,RU,14,1590165009
554,pelym,7.32,-11.31,27.44,88,2.07,SL,75,1590165009
555,tornio,-15.77,128.73,16.0,67,5.1,AU,70,1590165009
556,mayo,33.07,107.03,20.27,73,0.86,CN,100,1590165009
557,kislovodsk,15.2,-85.75,27.23,67,2.19,HN,99,1590165009
558,kolda,0.13,117.5,24.48,89,2.05,ID,100,1590165009
559,teya,28.66,-17.92,23.0,60,7.2,ES,20,1590165010
560,pevek,26.54,-77.06,26.25,76,6.37,BS,100,1590165010
561,amahai,46.42,3.91,28.0,48,2.6,FR,100,1590165010
562,te anau,37.57,126.98,18.0,87,1.5,KR,75,1590164852
563,puerto leguizamo,63.46,48.9,4.27,90,4.64,RU,100,1590165010
564,kardailovo,-17.93,19.77,23.0,23,2.6,NA,0,1590165010
565,khash,58.21,-6.39,11.0,93,16.5,GB,100,1590165010
566,lake cowichan,-8.77,160.7,26.18,87,2.22,SB,48,1590165010
567,erenhot,37.46,-122.43,15.0,76,5.7,US,1,1590164810
568,xai-xai,7.16,-5.23,32.0,66,2.1,CI,40,1590165010
569,kuche,-10.45,161.92,26.68,85,4.63,SB,33,1590165010
570,mansa,9.35,-65.32,37.69,34,4.72,VE,0,1590165010
571,waddan,40.08,-105.35,20.56,31,1.5,US,1,1590165010
572,san borja,36.62,-119.31,20.56,63,0.86,US,54,1590164724
573,qui nhon,27.63,85.52,21.0,88,3.1,NP,20,1590165010
574,west wendover,67.67,12.69,8.8,69,5.94,NO,66,1590165011
575,sorong,50.56,72.57,14.18,69,4.5,KZ,100,1590165011
576,tchibanga,25.52,90.22,22.13,98,1.3,IN,62,1590165011
577,tual,45.11,20.62,20.0,24,4.6,RS,0,1590165011
578,dzilam gonzalez,46.49,135.88,5.02,69,2.05,RU,10,1590165011
579,vyartsilya,12.18,125.51,27.92,85,3.08,PH,69,1590165011
